source,target
Busan,XingangTianjin
XingangTianjin,Qingdao
Qingdao,Shanghai
Shanghai,Ningbo
Ningbo,Shanghai
Ningbo,Nansha
Nansha,TanjungPelepas
TanjungPelepas,Singapore
Singapore,TanjungPelepas
Singapore,CapeTown
CapeTown,PointeNoire
PointeNoire,Luanda
Luanda,CapeTown
CapeTown,PortKelang
PortKelang,Singapore
Singapore,Busan
Antwerp,LiverpoolUK
LiverpoolUK,ChesterPA
ChesterPA,WilmingtonNC
WilmingtonNC,Antwerp
Zeebrugge,Bremerhaven
Bremerhaven,Emden
Emden,SouthamptonUK
SouthamptonUK,PortHuenemeCA
PortHuenemeCA,SanDiegoCA
SanDiegoCA,Hitachi
Hitachi,Yokohama
Antwerp,SouthamptonUK
SouthamptonUK,Antwerp
Antwerp,Rotterdam
Rotterdam,Bremerhaven
Bremerhaven,LeHavre
LeHavre,NewYorkNYNJ
NewYorkNYNJ,NorfolkVA
NorfolkVA,SavannahGA
SavannahGA,CharlestonSC
CharlestonSC,SouthamptonUK
ReykjavikIceland,ArgentiaNewfoundland
ArgentiaNewfoundland,HalifaxNovaScotia
HalifaxNovaScotia,PortlandME
PortlandME,ArgentiaNewfoundland
ArgentiaNewfoundland,ReykjavikIceland
Balboa,Guayaquil
Guayaquil,Callao
Callao,Paita
Paita,Guayaquil
Guayaquil,Balboa
Guayaquil,Rodman
Rodman,Guayaquil
Ningbo,ShekouShenzhenChiwan
ShekouShenzhenChiwan,Nansha
Singapore,Cotonou
Cotonou,Abidjan
Abidjan,Apapa
Apapa,Lome
Lome,Colombo
Colombo,Singapore
Singapore,Shanghai
Ningbo,Taipei
Taipei,Xiamen
Xiamen,ShekouShenzhenChiwan
ShekouShenzhenChiwan,Singapore
Singapore,Djibouti
Djibouti,Jeddah
Jeddah,Sokhna
Sokhna,Aqaba
Aqaba,Djibouti
Djibouti,Singapore
Nansha,Singapore
Singapore,PortKelang
PortKelang,Colombo
Colombo,Apapa
Apapa,LagosTinCanIsland
LagosTinCanIsland,Tema
Tema,PortKelang
Singapore,Qingdao
TanjungPelepas,PortKelang
Colombo,Mombasa
Mombasa,Colombo
Colombo,PortKelang
Kawasaki,Kobe
Kobe,ShimonosekiChofu
ShimonosekiChofu,XingangTianjin
XingangTianjin,Shanghai
Shanghai,Singapore
Singapore,Mombasa
Mombasa,DaresSalaam
DaresSalaam,Maputo
Maputo,Durban
Durban,Singapore
Singapore,Hitachinaka
XingangTianjin,Nansha
Nansha,ShekouShenzhenChiwan
Singapore,Colombo
Colombo,Lome
Lome,Durban
Durban,PortLouis
PortLouis,Colombo
Singapore,XingangTianjin
Singapore,PortLouis
PortLouis,Durban
Durban,NgquraCoega
NgquraCoega,DubaiJebelAli
DubaiJebelAli,Karachi
Karachi,Mundra
Mundra,MumbaiNhavaSheva
MumbaiNhavaSheva,HaziraGujarat
HaziraGujarat,Colombo
Colombo,Shanghai
Ningbo,Keelung
Keelung,Singapore
Singapore,Durban
Kaohsiung,Xiamen
Xiamen,HongKong
HongKong,ShekouShenzhenChiwan
PortKelang,Durban
Durban,CapeTown
Singapore,Kaohsiung
PortLouis,Reunion
Reunion,TamataveToamasinaMalagasay
TamataveToamasinaMalagasay,Maputo
Maputo,Beira
Beira,PortKelang
Colombo,MaleMaldives
MaleMaldives,VictoriaMaheSeychellesIs
VictoriaMaheSeychellesIs,DaresSalaam
DaresSalaam,Colombo
Shanghai,Qingdao
Qingdao,Busan
Busan,Yokohama
Yokohama,EnsenadaMEX
EnsenadaMEX,ManzanilloMEX
ManzanilloMEX,PuertoQuetzal
PuertoQuetzal,Rodman
Rodman,Buenaventura
Buenaventura,Callao
Callao,Guayaquil
Guayaquil,Buenaventura
Buenaventura,Rodman
Rodman,LazaroCardenasMEX
LazaroCardenasMEX,ManzanilloMEX
ManzanilloMEX,EnsenadaMEX
EnsenadaMEX,Yokohama
Yokohama,Busan
Busan,Ningbo
Xiamen,Kaohsiung
Kaohsiung,YantianShenzhen
YantianShenzhen,Shanghai
Shanghai,Busan
Busan,CristobalPanama
CristobalPanama,SavannahGA
SavannahGA,NorfolkVA
NorfolkVA,CharlestonSC
CharlestonSC,MiamiFL
MiamiFL,Singapore
Singapore,Xiamen
Shanghai,Xiamen
ShekouShenzhenChiwan,HongKong
HongKong,Ningbo
Ningbo,Busan
Busan,ManzanilloMEX
ManzanilloMEX,LazaroCardenasMEX
LazaroCardenasMEX,Rodman
Callao,SanAntonioCL
SanAntonioCL,Coronel
Coronel,Lirquen
Lirquen,SanAntonioCL
SanAntonioCL,Mejillones
Mejillones,Callao
Callao,ManzanilloMEX
ManzanilloMEX,Tokyo
Tokyo,Busan
Busan,Shanghai
Qingdao,Ningbo
Busan,ColonPanama
ColonPanama,SavannahGA
CharlestonSC,BostonMA
BostonMA,NewYorkNYNJ
NewYorkNYNJ,ColonPanama
ColonPanama,Qingdao
Kobe,Ningbo
Busan,Tokyo
Tokyo,ManzanilloPanama
ManzanilloPanama,SavannahGA
SavannahGA,JacksonvilleFL
JacksonvilleFL,CharlestonSC
CharlestonSC,NorfolkVA
NorfolkVA,ManzanilloPanama
ManzanilloPanama,Balboa
Balboa,Tokyo
Tokyo,Kobe
Bremerhaven,Zeebrugge
Zeebrugge,SouthamptonUK
SouthamptonUK,BaltimoreMD
BaltimoreMD,SavannahGA
SavannahGA,ManzanilloPanama
ManzanilloPanama,Auckland
Auckland,BrisbaneAU
BrisbaneAU,PortKembla
PortKembla,MelbourneAU
MelbourneAU,Fremantle
Fremantle,Singapore
Singapore,Inchon
Inchon,Masan
Masan,Kobe
Kobe,Nagoya
Nagoya,Yokohama
Yokohama,Hitachinaka
Hitachinaka,TacomaWA
TacomaWA,LongBeach
LongBeach,LazaroCardenasMEX
LazaroCardenasMEX,ManzanilloPanama
ManzanilloPanama,BrunswickGA
BrunswickGA,SavannahGA
NorfolkVA,BaltimoreMD
BaltimoreMD,NewarkNJ
NewarkNJ,Zeebrugge
Bremerhaven,SouthamptonUK
Nansha,HongKong
HongKong,YantianShenzhen
YantianShenzhen,TanjungPelepas
PortKelang,Chittagong
Chittagong,Singapore
Singapore,Nansha
Nansha,YantianShenzhen
YantianShenzhen,HongKong
PortKelang,MumbaiNhavaSheva
MumbaiNhavaSheva,Karachi
Karachi,Singapore
Qingdao,Kaohsiung
Kaohsiung,Singapore
MumbaiNhavaSheva,Mundra
Mundra,Colombo
Ningbo,Xiamen
Xiamen,DaChanBayShenzhen
DaChanBayShenzhen,Singapore
PortKelang,Cochin
Cochin,MumbaiNhavaSheva
Mundra,KhorFakkan
KhorFakkan,DubaiJebelAli
DubaiJebelAli,KhorFakkan
DubaiJebelAli,Sohar
Sohar,PortKelang
PortKelang,DaChanBayShenzhen
DaChanBayShenzhen,Busan
Ningbo,DaChanBayShenzhen
DaChanBayShenzhen,PortKelang
Mundra,HaziraGujarat
Singapore,Haiphong
Haiphong,Qingdao
Gwangyang,Busan
Mundra,Karachi
Karachi,PortKelang
Singapore,DaChanBayShenzhen
DaChanBayShenzhen,HongKong
HongKong,Gwangyang
Colombo,MumbaiNhavaSheva
MumbaiNhavaSheva,Pipavav
Pipavav,Colombo
Singapore,HongKong
HongKong,Shanghai
Singapore,LaemChabangThailand
LaemChabangThailand,CaiMepnearHoChiMinh
CaiMepnearHoChiMinh,LongBeach
LongBeach,OaklandCA
OaklandCA,Busan
ShekouShenzhenChiwan,PortKelang
MumbaiNhavaSheva,TuticorinIndia
TuticorinIndia,Penang
Penang,PortKelang
PortKelang,Zhanjiang
Zhanjiang,HongKong
HongKong,Qingdao
Ningbo,HongKong
PortKelang,ChennaiMadras
ChennaiMadras,Kattupalli
Kattupalli,PortKelang
Haiphong,Shanghai
Yokohama,Ningbo
Xiamen,TanjungPelepas
TanjungPelepas,Colombo
Colombo,Felixstowe
Felixstowe,Rotterdam
Bremerhaven,TangerMorocco
TangerMorocco,Salalah
Salalah,Nansha
HongKong,Nansha
YantianShenzhen,Xiamen
Xiamen,LosAngelesCA
LosAngelesCA,Yokohama
Ningbo,Singapore
Colombo,DubaiJebelAli
DubaiJebelAli,Hamad
Hamad,Dammam
Dammam,UmmQasr
UmmQasr,Shanghai
Shanghai,Kaohsiung
Kaohsiung,ShekouShenzhenChiwan
ShekouShenzhenChiwan,Colombo
Colombo,Antwerp
Antwerp,Hamburg
Hamburg,Rotterdam
Rotterdam,PortKelang
PortKelang,Ningbo
HongKong,CaiMepnearHoChiMinh
CaiMepnearHoChiMinh,Singapore
Colombo,HalifaxNovaScotia
HalifaxNovaScotia,NewYorkNYNJ
CharlestonSC,PortKelang
Singapore,Jakarta
Jakarta,LaemChabangThailand
CaiMepnearHoChiMinh,LosAngelesCA
LosAngelesCA,OaklandCA
OaklandCA,HongKong
CaiMepnearHoChiMinh,PortKelang
Chittagong,PortKelang
Singapore,YangonMyanmar
YangonMyanmar,Mongla
Mongla,TanjungPelepas
Singapore,Kolkata
Kolkata,PortKelang
LaemChabangThailand,Singapore
PortKelang,Kattupalli
Kattupalli,ChennaiMadras
ChennaiMadras,PortKelang
Singapore,Haldia
Haldia,Kolkata
PortKelang,Haldia
Kolkata,Haldia
Haldia,Singapore
Colombo,Salalah
Salalah,NewYorkNYNJ
SavannahGA,FreeportBahamas
FreeportBahamas,TanjungPelepas
TanjungPelepas,LaemChabangThailand
Singapore,Chittagong
Chittagong,Mongla
Mongla,Singapore
LondonGateway,Rotterdam
Rotterdam,LondonGateway
LondonGateway,Hamburg
Hamburg,LeHavre
LeHavre,MarseillesFosFos
MarseillesFosFos,GenoaIT
GenoaIT,DamiettaEgypt
DamiettaEgypt,PointedesGalets
PointedesGalets,Fremantle
Fremantle,MelbourneAU
MelbourneAU,SydneyAU
SydneyAU,Adelaide
Adelaide,Singapore
Singapore,ChennaiMadras
ChennaiMadras,Colombo
Colombo,Cochin
Cochin,DamiettaEgypt
DamiettaEgypt,Piraeus
Piraeus,MaltaMarsaxlokk
MaltaMarsaxlokk,Rotterdam
Antwerp,LeHavre
MarseillesFosFos,LaSpezia
LaSpezia,GioiaTauro
GioiaTauro,PointedesGalets
PointedesGalets,PortLouis
PortLouis,SydneyAU
SydneyAU,MelbourneAU
MelbourneAU,Adelaide
Adelaide,Fremantle
Colombo,Valencia
Valencia,LondonGateway
LondonGateway,Antwerp
Colombo,Rotterdam
Rotterdam,Hamburg
Hamburg,Antwerp
SouthamptonUK,Jeddah
Jeddah,Colombo
NewYorkNYNJ,SavannahGA
JacksonvilleFL,SavannahGA
JacksonvilleFL,NorfolkVA
NorfolkVA,HalifaxNovaScotia
HalifaxNovaScotia,DubaiJebelAli
DubaiJebelAli,Singapore
XingangTianjin,Dalian
Dalian,Busan
Shanghai,ShekouShenzhenChiwan
Singapore,PortSaidEgypt
PortSaidEgypt,Haifa
Haifa,Koper
Koper,Trieste
Trieste,RijekaCroatia
RijekaCroatia,Trieste
Trieste,PortSaidEgypt
PortSaidEgypt,KingAbdullahCity
KingAbdullahCity,Salalah
Salalah,Singapore
Busan,ShekouShenzhenChiwan
Singapore,MaltaMarsaxlokk
MaltaMarsaxlokk,Koper
RijekaCroatia,VeniceIT
VeniceIT,Koper
Koper,PortSaidEgypt
PortSaidEgypt,Jeddah
Jeddah,PortKelang
PortKelang,ShekouShenzhenChiwan
ShekouShenzhenChiwan,Shanghai
Dalian,XingangTianjin
XingangTianjin,Busan
Shanghai,TanjungPelepas
TanjungPelepas,Rotterdam
Bremerhaven,GothenburgSweden
GothenburgSweden,AarhusDenmark
AarhusDenmark,Bremerhaven
Bremerhaven,Wilhelmshaven
Wilhelmshaven,PortSaidEgypt
PortSaidEgypt,Singapore
Shanghai,Dalian
Shanghai,Nansha
YantianShenzhen,Singapore
PortSaidEgypt,GioiaTauro
GioiaTauro,Barcelona
Barcelona,Valencia
Valencia,GioiaTauro
GioiaTauro,PortSaidEgypt
KingAbdullahCity,Singapore
Singapore,YantianShenzhen
YantianShenzhen,Qingdao
PortSaidEgypt,Izmit
Izmit,AmbarliIstanbul
AmbarliIstanbul,Tekirdag
Tekirdag,Piraeus
Piraeus,KingAbdullahCity
KingAbdullahCity,DubaiJebelAli
Singapore,ShekouShenzhenChiwan
ShekouShenzhenChiwan,Busan
PortSaidEgypt,Beirut
Beirut,TripoliLebanon
TripoliLebanon,Izmit
AmbarliIstanbul,Constanza
Constanza,OdessaUA
OdessaUA,Piraeus
Piraeus,PortSaidEgypt
PortKelang,Busan
Taipei,YantianShenzhen
YantianShenzhen,ShekouShenzhenChiwan
ShekouShenzhenChiwan,TanjungPelepas
PortKelang,TanjungPelepas
PortKelang,Ashdod
Ashdod,Haifa
Haifa,AlexandriaEgypt
AlexandriaEgypt,Mersin
Mersin,Piraeus
Piraeus,Jeddah
Jeddah,TanjungPelepas
TanjungPelepas,ShekouShenzhenChiwan
ShekouShenzhenChiwan,Kaohsiung
Kaohsiung,Qingdao
Singapore,Jeddah
Jeddah,DamiettaEgypt
DamiettaEgypt,Barcelona
Valencia,TangerMorocco
TangerMorocco,GenoaIT
DamiettaEgypt,Jeddah
Jeddah,Singapore
Xiamen,YantianShenzhen
Singapore,KingAbdullahCity
KingAbdullahCity,Beirut
Beirut,LaSpezia
LaSpezia,GenoaIT
GenoaIT,LaSpezia
GenoaIT,MarseillesFosFos
MarseillesFosFos,Valencia
Valencia,Barcelona
Barcelona,KingAbdullahCity
Salalah,AbuDhabi
AbuDhabi,DubaiJebelAli
MaltaMarsaxlokk,Valencia
Barcelona,MarseillesFosFos
GenoaIT,MaltaMarsaxlokk
MaltaMarsaxlokk,Beirut
Beirut,Jeddah
Jeddah,DubaiJebelAli
DubaiJebelAli,PortKelang
PortKelang,Xiamen
Xiamen,Qingdao
Busan,Qingdao
Ningbo,Kaohsiung
Singapore,Piraeus
Piraeus,LaSpezia
MarseillesFosFos,Piraeus
Piraeus,Singapore
HongKong,Busan
Dalian,Qingdao
Piraeus,Rotterdam
Rotterdam,Shanghai
Shanghai,XingangTianjin
Singapore,Felixstowe
Felixstowe,Zeebrugge
Zeebrugge,GdanskPoland
GdanskPoland,Wilhelmshaven
Wilhelmshaven,Piraeus
Piraeus,PortKelang
PortKelang,HongKong
Xiamen,Nansha
YantianShenzhen,CaiMepnearHoChiMinh
PortKelang,Piraeus
Piraeus,Hamburg
Rotterdam,Zeebrugge
Zeebrugge,Felixstowe
Felixstowe,Singapore
Jeddah,Ashdod
Ashdod,AmbarliIstanbul
AmbarliIstanbul,Izmit
Izmit,Aliaga
Aliaga,Mersin
Mersin,Jeddah
Kaohsiung,Busan
Shanghai,Masan
Masan,XingangTianjin
XingangTianjin,Nagoya
Nagoya,HoustonTX
HoustonTX,NewOrleansLA
NewOrleansLA,PhiladelphiaPA
PhiladelphiaPA,MoreheadCityNC
MoreheadCityNC,SavannahGA
SavannahGA,Antwerp
Hamburg,PortoMarghera
PortoMarghera,DubaiJebelAli
DubaiJebelAli,Dammam
Dammam,MumbaiNhavaSheva
MumbaiNhavaSheva,Singapore
Shanghai,YantianShenzhen
TanjungPelepas,TangerMorocco
TangerMorocco,Rotterdam
Antwerp,LondonGateway
LondonGateway,LeHavre
LeHavre,TangerMorocco
Salalah,DubaiJebelAli
DubaiJebelAli,Ningbo
Qingdao,Gwangyang
Gwangyang,Ningbo
TanjungPelepas,Algeciras
Algeciras,Bremerhaven
Bremerhaven,GdanskPoland
GdanskPoland,Bremerhaven
Bremerhaven,Rotterdam
Rotterdam,TanjungPelepas
TanjungPelepas,Shanghai
Kaohsiung,HongKong
ShekouShenzhenChiwan,Ningbo
LazaroCardenasMEX,Buenaventura
Guayaquil,LazaroCardenasMEX
Busan,Kaohsiung
Xiamen,Shanghai
Busan,EnsenadaMEX
ManzanilloMEX,Callao
Callao,Lirquen
SanAntonioCL,ManzanilloMEX
ManzanilloMEX,Shanghai
Singapore,Sohar
Sohar,DubaiJebelAli
Dammam,Bahrain
Bahrain,Singapore
Xiamen,Ningbo
Busan,SeattleWA
SeattleWA,VancouverBC
VancouverBC,XingangTianjin
PortKelang,Jeddah
Jeddah,Aqaba
Aqaba,Sokhna
Sokhna,Jeddah
Taipei,ShekouShenzhenChiwan
PortKelang,DubaiJebelAli
DubaiJebelAli,UmmQasr
UmmQasr,DubaiJebelAli
Hamad,UmmQasr
UmmQasr,Hamad
Hamad,DubaiJebelAli
PortKelang,Kaohsiung
Kaohsiung,Shanghai
Singapore,DubaiJebelAli
DubaiJebelAli,AbuDhabi
AbuDhabi,Dammam
Dammam,AbuDhabi
AbuDhabi,PortKelang
PortKelang,Qingdao
Busan,LianyungangJiangsu
LianyungangJiangsu,Qingdao
Shanghai,HongKong
Dammam,Jubail
Jubail,AbuDhabi
AbuDhabi,Singapore
Nansha,Busan
Singapore,SouthamptonUK
SouthamptonUK,Hamburg
Rotterdam,DubaiJebelAli
Yokohama,PrinceRupertBC
PrinceRupertBC,LongBeach
OaklandCA,VostochniyRussia
VostochniyRussia,XingangTianjin
Ningbo,YantianShenzhen
Singapore,Rotterdam
Hamburg,SouthamptonUK
SouthamptonUK,Singapore
YantianShenzhen,Kaohsiung
Busan,TacomaWA
TacomaWA,VancouverBC
VancouverBC,Busan
Qingdao,YantianShenzhen
Kaohsiung,Ningbo
Shanghai,TacomaWA
VancouverBC,Tokyo
Tokyo,Osaka
Osaka,Qingdao
Shanghai,PrinceRupertBC
PrinceRupertBC,LosAngelesCA
OaklandCA,XingangTianjin
YantianShenzhen,Ningbo
PrinceRupertBC,VancouverBC
VancouverBC,HongKong
Kobe,Qingdao
Busan,PrinceRupertBC
PrinceRupertBC,TacomaWA
Gwangyang,HongKong
Busan,VancouverBC
VancouverBC,SeattleWA
SeattleWA,Busan
Busan,Gwangyang
Nagoya,Xiamen
Kaohsiung,Nagoya
Nagoya,Tokyo
Tokyo,TacomaWA
VancouverBC,DutchHarborAK
DutchHarborAK,Tokyo
Kaohsiung,Guam
Guam,Saipan
Saipan,Yap
Yap,Koror
Koror,GeneralSantos
GeneralSantos,Davao
Davao,HongKong
ShekouShenzhenChiwan,LaePNG
LaePNG,HoniaraSolomonIs
HoniaraSolomonIs,SuvaFiji
SuvaFiji,LautokaFiji
LautokaFiji,Majuro
Majuro,Kosrae
Kosrae,Nansha
YantianShenzhen,Busan
Busan,HoustonTX
HoustonTX,MobileAL
MobileAL,FreeportBahamas
FreeportBahamas,ManzanilloPanama
Balboa,Busan
Busan,NewYorkNYNJ
NewYorkNYNJ,BaltimoreMD
BaltimoreMD,NorfolkVA
NorfolkVA,NewYorkNYNJ
NewYorkNYNJ,Salalah
Salalah,Colombo
Colombo,TanjungPelepas
TanjungPelepas,YantianShenzhen
Singapore,CaiMepnearHoChiMinh
CaiMepnearHoChiMinh,YantianShenzhen
Shanghai,LongBeach
VostochniyRussia,Busan
TanjungPelepas,Sines
Sines,Antwerp
LeHavre,Felixstowe
ShekouShenzhenChiwan,YantianShenzhen
Singapore,NewYorkNYNJ
NewYorkNYNJ,CharlestonSC
CharlestonSC,SavannahGA
SavannahGA,MiamiFL
MiamiFL,FreeportBahamas
FreeportBahamas,MiamiFL
TanjungPelepas,HongKong
YantianShenzhen,LosAngelesCA
OaklandCA,Taipei
YantianShenzhen,HoustonTX
MobileAL,TampaFL
TampaFL,Shanghai
Ningbo,LosAngelesCA
OaklandCA,Tokyo
Tokyo,Qingdao
HongKong,Kaohsiung
Kaohsiung,Taipei
Taipei,LosAngelesCA
OaklandCA,TacomaWA
TacomaWA,Kaohsiung
SavannahGA,Qingdao
CaiMepnearHoChiMinh,HongKong
Kaohsiung,LongBeach
LongBeach,Kaohsiung
Kaohsiung,CaiMepnearHoChiMinh
MobileAL,NewOrleansLA
NewOrleansLA,TampaFL
TampaFL,MiamiFL
Fuzhou,Nansha
OaklandCA,Fuzhou
Yokohama,Honolulu
Honolulu,Shanghai
Haiphong,Nansha
YantianShenzhen,LongBeach
OaklandCA,YantianShenzhen
YantianShenzhen,Haiphong
CharlestonSC,NewYorkNYNJ
NewYorkNYNJ,Singapore
Kaohsiung,Keelung
Keelung,LosAngelesCA
OaklandCA,Kaohsiung
Keelung,HongKong
Busan,LosAngelesCA
LosAngelesCA,Busan
Kobe,Xiamen
OaklandCA,Kobe
Palembang,Belawan
Belawan,Phuket
Phuket,Padang
Padang,MoreheadCityNC
MoreheadCityNC,NewOrleansLA
VancouverBC,TacomaWA
TacomaWA,Hitachinaka
Hitachinaka,Shimizu
Shimizu,Yokohama
Yokohama,Tokyo
Busan,Osaka
Osaka,Nagoya
Nagoya,Shimizu
Shimizu,Tokyo
Tokyo,EverettWA
EverettWA,TacomaWA
TacomaWA,Tomakomai
Tomakomai,Busan
Busan,HakataFukuoka
HakataFukuoka,Osaka
Busan,ShimonosekiChofu
ShimonosekiChofu,Kobe
Kobe,Yokohama
Yokohama,Koror
Koror,LaePNG
LaePNG,PortMoresbyPNG
PortMoresbyPNG,Townsville
Townsville,Busan
Hibiki,ShimonosekiChofu
ShimonosekiChofu,EverettWA
EverettWA,LongBeach
LongBeach,VancouverWA
Toyohashi,JacksonvilleFL
JacksonvilleFL,NewarkNJ
NewarkNJ,Toyohashi
BeaumontTX,JacksonvilleFL
JacksonvilleFL,BrunswickGA
BrunswickGA,CharlestonSC
CharlestonSC,PhiladelphiaPA
PhiladelphiaPA,WilmingtonDE
WilmingtonDE,Leghorn
Leghorn,Beirut
Beirut,Aqaba
Aqaba,Jeddah
DubaiJebelAli,Kuwait
Kuwait,AbuDhabi
AbuDhabi,Karachi
Karachi,Inchon
Inchon,Ulsan
Ulsan,Busan
Busan,Pyongtaek
Pyongtaek,BeaumontTX
Rotterdam,Felixstowe
Felixstowe,Antwerp
Rotterdam,Algeciras
Algeciras,Singapore
Singapore,LeHavre
LeHavre,Rotterdam
LeHavre,MaltaMarsaxlokk
MaltaMarsaxlokk,Jeddah
Jeddah,Nansha
Nansha,Qingdao
Shanghai,LeHavre
SouthamptonUK,YantianShenzhen
HongKong,Xiamen
YantianShenzhen,Rotterdam
LeHavre,LondonGateway
LondonGateway,Singapore
Felixstowe,Hamburg
Rotterdam,Colombo
TanjungPelepas,Kaohsiung
LeHavre,SouthamptonUK
Singapore,Kobe
Tokyo,LosAngelesCA
Tokyo,Shimizu
Shimizu,Kobe
Tokyo,Singapore
Yokohama,Osaka
Osaka,Busan
Kaohsiung,MelbourneAU
SydneyAU,BrisbaneAU
BrisbaneAU,Yokohama
HongKong,Keelung
Keelung,Shanghai
Kaohsiung,BrisbaneAU
BrisbaneAU,Auckland
Auckland,PortChalmers
PortChalmers,Lyttelton
Lyttelton,Napier
Napier,Tauranga
Tauranga,HongKong
Busan,Inchon
Inchon,XingangTianjin
XingangTianjin,Rizhao
Rizhao,Shanghai
BrisbaneAU,NewcastleAU
NewcastleAU,Geelong
Geelong,MelbourneAU
MelbourneAU,Gladstone
Gladstone,Busan
Ningbo,SydneyAU
MelbourneAU,BrisbaneAU
BrisbaneAU,Kaohsiung
Ningbo,MelbourneAU
Nansha,Surabaya
Surabaya,Darwin
Darwin,PortMoresbyPNG
Townsville,Gladstone
Gladstone,Kaohsiung
Nansha,LaePNG
Townsville,Kaohsiung
Kaohsiung,SydneyAU
Shanghai,Yokohama
LaePNG,RabaulPNG
RabaulPNG,PortMoresbyPNG
PortMoresbyPNG,HoniaraSolomonIs
HoniaraSolomonIs,NoumeaNewCaledonia
NoumeaNewCaledonia,Auckland
Auckland,Timaru
Timaru,Tauranga
Tauranga,NoumeaNewCaledonia
NoumeaNewCaledonia,Kaohsiung
Shanghai,Osaka
HoniaraSolomonIs,Auckland
Tauranga,MarsdenPoint
MarsdenPoint,NoumeaNewCaledonia
Jakarta,Fremantle
Fremantle,Adelaide
Adelaide,MelbourneAU
MelbourneAU,Bluff
Bluff,PortChalmers
Lyttelton,Tauranga
Tauranga,NelsonNZ
NelsonNZ,TanjungPelepas
Jakarta,BrisbaneAU
BrisbaneAU,SydneyAU
SydneyAU,Auckland
Auckland,WellingtonWGN
WellingtonWGN,NelsonNZ
NelsonNZ,Tauranga
MarsdenPoint,Tauranga
Tauranga,Auckland
BrisbaneAU,TanjungPelepas
Jakarta,PortKelang
Singapore,BrisbaneAU
Adelaide,Jakarta
Singapore,DiliEastTimor
DiliEastTimor,Darwin
Darwin,BeneteBaySumbawa
BeneteBaySumbawa,Singapore
Jakarta,MadangPapuaNewGuinea
MadangPapuaNewGuinea,LaePNG
PortMoresbyPNG,PortKelang
Jakarta,LaePNG
LaePNG,KimbePapuaNewGuinea
KimbePapuaNewGuinea,RabaulPNG
Sriracha,Singapore
PortKelang,Jakarta
Jakarta,PortMoresbyPNG
PortMoresbyPNG,LaePNG
LaePNG,LihirIslandPNG
LihirIslandPNG,RabaulPNG
RabaulPNG,KimbePapuaNewGuinea
KimbePapuaNewGuinea,Sriracha
Busan,Kobe
Yokohama,TarawaKiribati
TarawaKiribati,HoniaraSolomonIs
HoniaraSolomonIs,PortVilaVanuatu
PortVilaVanuatu,NoumeaNewCaledonia
NoumeaNewCaledonia,LautokaFiji
LautokaFiji,SuvaFiji
SuvaFiji,NukualofaTonga
NukualofaTonga,ApiaWSamoa
ApiaWSamoa,PagoPagoAmSamoa
PagoPagoAmSamoa,PapeeteTahiti
PapeeteTahiti,Busan
Yokohama,HoniaraSolomonIs
HoniaraSolomonIs,SantoVanuatu
SantoVanuatu,PortVilaVanuatu
PagoPagoAmSamoa,ApiaWSamoa
ApiaWSamoa,PapeeteTahiti
Yokohama,BrisbaneAU
PortKelang,Fremantle
Fremantle,SydneyAU
Singapore,Auckland
Auckland,Lyttelton
Lyttelton,WellingtonWGN
WellingtonWGN,Napier
Tauranga,BrisbaneAU
BrisbaneAU,PortKelang
TanjungPelepas,PortMoresbyPNG
PortMoresbyPNG,NoroSolomonIs
NoroSolomonIs,LaePNG
LaePNG,MadangPapuaNewGuinea
MadangPapuaNewGuinea,WewakPapuaNewGuinea
WewakPapuaNewGuinea,TanjungPelepas
HoChiMinhVICTCatLai,Sriracha
PortKelang,LaePNG
LaePNG,OroBayPapuaNewGuinea
OroBayPapuaNewGuinea,HoniaraSolomonIs
HoniaraSolomonIs,LihirIslandPNG
LihirIslandPNG,MadangPapuaNewGuinea
MadangPapuaNewGuinea,HoChiMinhVICTCatLai
SubicBay,Sriracha
Singapore,NoumeaNewCaledonia
SuvaFiji,MarsdenPoint
MarsdenPoint,Auckland
Auckland,MarsdenPoint
Auckland,Tauranga
BrisbaneAU,PortMoresbyPNG
LihirIslandPNG,SubicBay
Singapore,Darwin
Darwin,DiliEastTimor
DiliEastTimor,Singapore
Singapore,Fremantle
SuvaFiji,Auckland
LihirIslandPNG,Sriracha
HongKong,Singapore
Singapore,RiodeJaneiro
RiodeJaneiro,Santos
Santos,Paranagua
Paranagua,NavegantesnearItajai
NavegantesnearItajai,Montevideo
Montevideo,BuenosAires
BuenosAires,RioGrandeBR
RioGrandeBR,NavegantesnearItajai
NavegantesnearItajai,Paranagua
Paranagua,Santos
Santos,Singapore
Singapore,Santos
Santos,NgquraCoega
NgquraCoega,PortKelang
Singapore,Sepetiba
Sepetiba,Santos
NavegantesnearItajai,Itajai
Itajai,Santos
NewYorkNYNJ,PhiladelphiaPA
PhiladelphiaPA,BaltimoreMD
CharlestonSC,FreeportBahamas
FreeportBahamas,PortElizabethZA
PortElizabethZA,Durban
CapeTown,NewYorkNYNJ
GioiaTauro,NaplesIT
NaplesIT,LaSpezia
LaSpezia,Barcelona
Valencia,Algeciras
Algeciras,Sines
Sines,FreeportBahamas
MiamiFL,VeracruzMEX
VeracruzMEX,AltamiraMEX
AltamiraMEX,HoustonTX
NewOrleansLA,MiamiFL
FreeportBahamas,Sines
Sines,Algeciras
Algeciras,Barcelona
Barcelona,GioiaTauro
MontrealQuebec,SaintJohnNewBrunswick
SaintJohnNewBrunswick,FreeportBahamas
FreeportBahamas,HoustonTX
HoustonTX,AltamiraMEX
AltamiraMEX,VeracruzMEX
VeracruzMEX,FreeportBahamas
FreeportBahamas,MontrealQuebec
NewOrleansLA,HoustonTX
HoustonTX,FreeportTX
FreeportTX,VeracruzMEX
VeracruzMEX,KingstonJM
KingstonJM,CartagenaColombia
CartagenaColombia,ManzanilloPanama
ManzanilloPanama,Manaus
Manaus,Vitoria
Vitoria,Santos
Santos,Itajai
Itajai,Paranagua
Santos,RiodeJaneiro
RiodeJaneiro,CartagenaColombia
CartagenaColombia,KingstonJM
KingstonJM,NewOrleansLA
VeracruzMEX,SantoTomasdeCastilla
SantoTomasdeCastilla,PuertoCortes
PuertoCortes,PuertoLimon
PuertoLimon,ManzanilloPanama
ManzanilloPanama,CartagenaColombia
CartagenaColombia,CaucedoDomRep
CaucedoDomRep,SanJuanPR
SanJuanPR,CartagenaColombia
ManzanilloPanama,PuertoLimon
PuertoLimon,SantoTomasdeCastilla
PuertoCortes,HoustonTX
Cagliari,Leghorn
Leghorn,GenoaIT
MarseillesFosFos,Barcelona
Valencia,CartagenaColombia
CartagenaColombia,PuertoQuetzal
PuertoQuetzal,ManzanilloMEX
ManzanilloMEX,LongBeach
OaklandCA,SeattleWA
VancouverBC,OaklandCA
OaklandCA,LongBeach
LongBeach,ManzanilloMEX
ManzanilloMEX,CartagenaColombia
CaucedoDomRep,TangerMorocco
TangerMorocco,Valencia
Valencia,Cagliari
Antwerp,Bremerhaven
LeHavre,Vigo
Vigo,Valencia
TangerMorocco,FortdeFranceMartinique
FortdeFranceMartinique,PointeaPitreGuadeloupe
PointeaPitreGuadeloupe,CartagenaColombia
CartagenaColombia,VeracruzMEX
AltamiraMEX,KingstonJM
KingstonJM,SantaMarta
SantaMarta,SanJuanPR
SanJuanPR,Antwerp
Vigo,TangerMorocco
AltamiraMEX,JacksonvilleFL
JacksonvilleFL,CartagenaColombia
CartagenaColombia,RiodeJaneiro
RiodeJaneiro,Paranagua
Santos,Zarate
Zarate,Suape
Suape,CartagenaColombia
CartagenaColombia,PuertoLimon
PuertoLimon,VeracruzMEX
Zarate,Paranagua
Santos,SantoDomingo
SantoDomingo,SantaMarta
SantaMarta,CartagenaColombia
ManzanilloPanama,HoustonTX
HoustonTX,VeracruzMEX
VeracruzMEX,Santos
Paranagua,Zarate
ProgresoMEX,AltamiraMEX
KingstonJM,RioHaina
RioHaina,PortLafito
PortLafito,RioHaina
RioHaina,SantiagodeCuba
SantiagodeCuba,CartagenaColombia
PuertoLimon,Barranquilla
Barranquilla,Turbo
Turbo,ManzanilloPanama
ManzanilloPanama,ProgresoMEX
RioGrandeBR,Paranagua
Santos,CartagenaColombia
ManzanilloPanama,GalvestonTX
GalvestonTX,VeracruzMEX
VeracruzMEX,CartagenaColombia
ManzanilloPanama,MantaEC
MantaEC,Callao
Callao,Iquique
Iquique,SanAntonioCL
SanAntonioCL,PuertoCabello
PuertoCabello,RioGrandeBR
ProgresoMEX,SantiagodeCuba
SantiagodeCuba,KingstonJM
KingstonJM,SantiagodeCuba
KingstonJM,Mariel
Mariel,ProgresoMEX
MumbaiOldPort,Jeddah
Jeddah,Leghorn
Leghorn,VeracruzMEX
VeracruzMEX,HoustonTX
HoustonTX,SavannahGA
SavannahGA,WilmingtonNC
WilmingtonNC,BaltimoreMD
BaltimoreMD,HalifaxNovaScotia
HalifaxNovaScotia,Leghorn
Leghorn,Jeddah
Dammam,MumbaiOldPort
DubaiJebelAli,Sharjah
Sharjah,MumbaiNhavaSheva
MumbaiNhavaSheva,Durban
Durban,Luanda
Luanda,Tema
Tema,Dakar
Dakar,VeracruzMEX
Kuwait,UmmQasr
UmmQasr,Bahrain
Bahrain,DubaiJebelAli
AbuDhabi,Sharjah
Sharjah,Sohar
Sohar,Karachi
Mundra,Sohar
DubaiJebelAli,Bahrain
Bahrain,Kuwait
SavannahGA,HoustonTX
HoustonTX,NorfolkVA
NewYorkNYNJ,Algeciras
Algeciras,PortSaidEgypt
PortSaidEgypt,Djibouti
Djibouti,Salalah
DubaiJebelAli,PortQasim
PortQasim,Pipavav
Pipavav,MumbaiNhavaSheva
MumbaiNhavaSheva,Salalah
Salalah,Algeciras
Algeciras,NewYorkNYNJ
Colombo,Krishnapatnum
Krishnapatnum,Kattupalli
Kattupalli,Colombo
Mundra,PortQasim
PortQasim,Salalah
Salalah,Mombasa
Mombasa,Salalah
Salalah,Pipavav
OdessaUA,Chornomorsk
Chornomorsk,Constanza
Constanza,AmbarliIstanbul
AmbarliIstanbul,Iskenderun
Iskenderun,PortSaidEgypt
Jeddah,Salalah
Salalah,Hamad
DubaiJebelAli,Pipavav
Pipavav,HaziraGujarat
HaziraGujarat,MumbaiNhavaSheva
MumbaiNhavaSheva,DubaiJebelAli
DubaiJebelAli,Salalah
Salalah,PortSaidEgypt
PortSaidEgypt,DamiettaEgypt
DamiettaEgypt,AmbarliIstanbul
Izmit,OdessaUA
DubaiJebelAli,Mundra
MumbaiNhavaSheva,Hamad
Rotterdam,KingAbdullahCity
KingAbdullahCity,Colombo
Mundra,KingAbdullahCity
KingAbdullahCity,Barcelona
Barcelona,Felixstowe
PortQasim,MumbaiNhavaSheva
HaziraGujarat,Mundra
KingAbdullahCity,GioiaTauro
GioiaTauro,TangerMorocco
TangerMorocco,SouthamptonUK
SouthamptonUK,Rotterdam
Rotterdam,Antwerp
LeHavre,KingAbdullahCity
KingAbdullahCity,Djibouti
Djibouti,PortQasim
Mundra,AbuDhabi
DubaiJebelAli,Mombasa
Mombasa,Mundra
PortQasim,DubaiJebelAli
Salalah,DaresSalaam
DaresSalaam,Mombasa
Salalah,PortQasim
Karachi,DubaiJebelAli
DubaiJebelAli,VictoriaMaheSeychellesIs
VictoriaMaheSeychellesIs,Mombasa
Mombasa,Zanzibar
Zanzibar,Mutsamudu
Mutsamudu,MoroniComorosIs
MoroniComorosIs,Mutsamudu
MoroniComorosIs,Karachi
PortQasim,Karachi
Karachi,PortQasim
Karachi,Gwadar
Gwadar,DubaiJebelAli
Sharjah,AbuDhabi
Colombo,Djibouti
Djibouti,KingAbdullahCity
KingAbdullahCity,Aqaba
Sokhna,Colombo
Castellon,GenoaIT
GenoaIT,NaplesIT
NaplesIT,PortSaidEgypt
PortSaidEgypt,Aqaba
Djibouti,MisurataLibya
MisurataLibya,Castellon
AmbarliIstanbul,Izmir
Izmir,PortSaidEgypt
PortSaidEgypt,Algeciras
Algeciras,TangerMorocco
TangerMorocco,Conakry
Conakry,MonroviaLR
MonroviaLR,Freetown
Freetown,TangerMorocco
TangerMorocco,AmbarliIstanbul
GenoaIT,AlexandriaEgypt
Mersin,PortSaidEgypt
PortSaidEgypt,Maputo
Maputo,DaresSalaam
DaresSalaam,Barcelona
Valencia,Sete
Sete,MarseillesFosMars
MarseillesFosMars,GenoaIT
GenoaIT,Leghorn
Leghorn,Salerno
Salerno,CasablancaMorocco
CasablancaMorocco,Dakar
Dakar,Abidjan
Abidjan,Lome
Lome,Cotonou
Cotonou,Lome
Cotonou,LagosTinCanIsland
LagosTinCanIsland,Valencia
GioiaTauro,Leghorn
MarseillesFosFos,LasPalmasCanIs
LasPalmasCanIs,Dakar
Dakar,Lome
Lome,Dakar
Dakar,LasPalmasCanIs
LasPalmasCanIs,GioiaTauro
GenoaIT,Castellon
Castellon,Valencia
Algeciras,Dakar
Dakar,LagosTinCanIsland
Tema,Abidjan
Abidjan,GenoaIT
Hamburg,Leixoes
Leixoes,LisbonPT
LisbonPT,CasablancaMorocco
Dakar,Nouakchott
Nouakchott,Conakry
Conakry,Lome
Lome,Luanda
Luanda,PointeNoire
PointeNoire,Bata
Bata,Malabo
Malabo,Douala
Douala,Antwerp
PortKelang,Pipavav
Pipavav,PortQasim
Karachi,MumbaiNhavaSheva
MumbaiNhavaSheva,Colombo
TangerMorocco,Algeciras
Algeciras,Cotonou
Cotonou,Apapa
Apapa,Cotonou
Tema,TangerMorocco
Hamburg,Tilbury
Tilbury,Antwerp
Antwerp,CasablancaMorocco
CasablancaMorocco,Abidjan
Abidjan,Cotonou
Tema,Hamburg
Algeciras,Apapa
LagosTinCanIsland,Cotonou
Abidjan,TangerMorocco
Algeciras,PointeNoire
PointeNoire,Douala
Douala,PointeNoire
PointeNoire,TangerMorocco
Algeciras,Conakry
Conakry,Freetown
Freetown,MonroviaLR
MonroviaLR,Banjul
Banjul,TangerMorocco
Hamburg,CasablancaMorocco
CasablancaMorocco,TangerMorocco
TangerMorocco,Tema
TangerMorocco,Antwerp
Lome,Tema
Tema,SanPedroIvoryCoast
SanPedroIvoryCoast,TangerMorocco
Dakar,Conakry
Conakry,TangerMorocco
DunkirkFR,Tilbury
Antwerp,Flushing
Flushing,DunkirkFR
DunkirkFR,LeHavre
LeHavre,Montoir
Montoir,TangerMorocco
Dakar,SanPedroIvoryCoast
SanPedroIvoryCoast,Abidjan
Abidjan,Dakar
Dakar,Algeciras
Algeciras,DunkirkFR
CasablancaMorocco,Algeciras
TangerMorocco,LasPalmasCanIs
LasPalmasCanIs,Nouakchott
Nouakchott,Dakar
Dakar,Nouadhibou
Nouadhibou,CasablancaMorocco
NewcastleUK,AmsterdamNL
AmsterdamNL,Bremerhaven
Bremerhaven,Antwerp
SouthamptonUK,Santander
Santander,TangerMorocco
TangerMorocco,Durban
Durban,Fremantle
MelbourneAU,PortKembla
PortKembla,BrisbaneAU
Algeciras,Luanda
Luanda,Onne
Onne,Takoradi
Takoradi,Malaga
Malaga,Algeciras
LeHavre,LisbonPT
LisbonPT,Algeciras
Luanda,Kribi
Kribi,Douala
Algeciras,PraiaCapeVerdeIs
PraiaCapeVerdeIs,StVincenteCapeVerdeIs
StVincenteCapeVerdeIs,Algeciras
LisbonPT,Leixoes
Leixoes,Algeciras
StVincenteCapeVerdeIs,Leixoes
LondonGateway,Bremerhaven
Algeciras,CapeTown
CapeTown,PortElizabethZA
Durban,PortElizabethZA
PortElizabethZA,CapeTown
CapeTown,Algeciras
Algeciras,Rotterdam
Alicante,Barcelona
Valencia,TenerifeCanIs
TenerifeCanIs,LasPalmasCanIs
LasPalmasCanIs,TenerifeCanIs
TenerifeCanIs,SantaCruzdelaPalmaCanIs
SantaCruzdelaPalmaCanIs,Alicante
CartagenaSpain,MelillaSpainNAf
MelillaSpainNAf,Almeria
Almeria,Algeciras
Algeciras,Alicante
Alicante,LasPalmasCanIs
TenerifeCanIs,AgadirMorocco
AgadirMorocco,Algeciras
Algeciras,CartagenaSpain
CartagenaSpain,Alicante
Alicante,MelillaSpainNAf
Tarragona,Barcelona
Valencia,LasPalmasCanIs
TenerifeCanIs,ArrecifeCanIs
ArrecifeCanIs,PuertodelRosarioCanIs
PuertodelRosarioCanIs,Cadiz
Cadiz,Valencia
Valencia,Tarragona
Zeebrugge,MalmoSweden
MalmoSweden,Bremerhaven
SouthamptonUK,Barcelona
Barcelona,Savona
Savona,PortKelang
HongKong,XinshaGuangzhou
XinshaGuangzhou,Shanghai
XingangTianjin,Pyongtaek
Pyongtaek,Toyohashi
HoustonTX,JacksonvilleFL
JacksonvilleFL,BaltimoreMD
HalifaxNovaScotia,Antwerp
SouthamptonUK,Savona
Savona,Jeddah
Jeddah,Sohar
AbuDhabi,Bahrain
Bahrain,Dammam
Dammam,Shuwaikh
Shuwaikh,Hamad
Hamad,Singapore
FreeportTX,JacksonvilleFL
JacksonvilleFL,NewYorkNYNJ
BaltimoreMD,WilmingtonDE
WilmingtonDE,TangerMorocco
TangerMorocco,GemlikIstanbul
GemlikIstanbul,Beirut
AbuDhabi,Hamad
Hamad,Bahrain
Dammam,Kuwait
Kuwait,Singapore
Barcelona,Aqaba
Kuwait,MumbaiNhavaSheva
LaemChabangThailand,Pyongtaek
Algeciras,Leghorn
GenoaIT,MarseillesFosMars
MarseillesFosMars,Barcelona
Valencia,PointeaPitreGuadeloupe
PointeaPitreGuadeloupe,FortdeFranceMartinique
FortdeFranceMartinique,CartagenaColombia
PuertoLimon,Turbo
Turbo,PointeaPitreGuadeloupe
PointeaPitreGuadeloupe,Algeciras
ManzanilloPanama,MoinBay
MoinBay,ManzanilloPanama
ManzanilloPanama,MarinPontevedra
MarinPontevedra,Algeciras
Leghorn,VadoLigure
VadoLigure,Civitavecchia
Civitavecchia,NaplesIT
NaplesIT,Salerno
Salerno,Algeciras
Algeciras,CartagenaColombia
Mariel,Leghorn
GenoaIT,Barcelona
Valencia,LisbonPT
LisbonPT,HalifaxNovaScotia
HalifaxNovaScotia,AltamiraMEX
VeracruzMEX,Mariel
Valencia,MiamiFL
NewOrleansLA,CaucedoDomRep
CaucedoDomRep,Valencia
Valencia,Leghorn
Algeciras,LondonGateway
Rotterdam,LeHavre
LeHavre,StMaartenPhilipsburg
StMaartenPhilipsburg,PortofSpainTrinidad
PortofSpainTrinidad,DegraddesCannes
DegraddesCannes,ViladoCondenearBelem
ViladoCondenearBelem,Fortaleza
Fortaleza,Natal
Natal,Algeciras
Balboa,ManzanilloPanama
ManzanilloPanama,TangerMorocco
TangerMorocco,Piraeus
Piraeus,Izmit
AmbarliIstanbul,OdessaUA
OdessaUA,Novorossiysk
Novorossiysk,AmbarliIstanbul
Izmit,Izmir
Izmir,Algeciras
Algeciras,Malaga
Malaga,NewYorkNYNJ
NewYorkNYNJ,ManzanilloPanama
ManzanilloPanama,Buenaventura
Buenaventura,Guayaquil
GioiaTauro,Civitavecchia
Civitavecchia,LaSpezia
LaSpezia,Valencia
Valencia,Sines
Sines,CristobalPanama
CristobalPanama,ManzanilloMEX
OaklandCA,EnsenadaMEX
EnsenadaMEX,LongBeach
LongBeach,EnsenadaMEX
EnsenadaMEX,Rodman
Rodman,CristobalPanama
CristobalPanama,Barcelona
Mundra,Haifa
Haifa,Valencia
Valencia,NewYorkNYNJ
HoustonTX,FreeportBahamas
FreeportBahamas,Barcelona
KingAbdullahCity,AbuDhabi
ChennaiMadras,Vishakhapatnam
Vishakhapatnam,Singapore
Tekirdag,Mersin
Mersin,Iskenderun
Iskenderun,KingAbdullahCity
Hamad,Jubail
Jubail,DubaiJebelAli
Colombo,PortSaidEgypt
PortSaidEgypt,Mersin
Piraeus,AmbarliIstanbul
Tekirdag,Iskenderun
Barcelona,Bremerhaven
SouthamptonUK,JacksonvilleFL
JacksonvilleFL,GalvestonTX
AltamiraMEX,DavisvilleRI
DavisvilleRI,NewYorkNYNJ
NewYorkNYNJ,Barcelona
Algeciras,Valencia
Valencia,MarseillesFosFos
GenoaIT,PortSaidEgypt
Salalah,Jeddah
Jeddah,PortSaidEgypt
PortSaidEgypt,TangerMorocco
DubaiJebelAli,Jeddah
AmbarliIstanbul,Aliaga
Aliaga,AmbarliIstanbul
Aliaga,Iskenderun
Iskenderun,DamiettaEgypt
Antwerp,GenoaIT
GenoaIT,BandarAbbas
BandarAbbas,AmbarliIstanbul
AmbarliIstanbul,MisurataLibya
MisurataLibya,Antwerp
Mersin,Izmit
AmbarliIstanbul,GemlikIstanbul
GemlikIstanbul,Izmir
SavannahGA,Algeciras
Algeciras,AlexandriaEgypt
Sagunto,Cagliari
Cagliari,Salerno
Salerno,Leghorn
MarseillesFosFos,Malaga
Malaga,TangerMorocco
TangerMorocco,Vigo
Vigo,MontrealQuebec
MontrealQuebec,TangerMorocco
TangerMorocco,Sagunto
Salerno,LaSpezia
LaSpezia,MarseillesFosFos
MarseillesFosFos,TangerMorocco
Algeciras,MontrealQuebec
MontrealQuebec,Algeciras
Algeciras,Salerno
Izmir,GemlikIstanbul
GemlikIstanbul,GebzeIstanbul
GebzeIstanbul,Tekirdag
Tekirdag,GenoaIT
Sines,LiverpoolUK
LiverpoolUK,MontrealQuebec
MontrealQuebec,LiverpoolUK
LiverpoolUK,Valencia
Valencia,Castellon
Barcelona,Izmir
Algeciras,MarseillesFosFos
MiamiFL,Algeciras
GenoaIT,MontrealQuebec
MontrealQuebec,GioiaTauro
Antwerp,Limassol
Limassol,Ashdod
Ashdod,AlexandriaEgypt
AlexandriaEgypt,Haifa
Haifa,Iskenderun
Iskenderun,Felixstowe
Antwerp,Piraeus
Piraeus,ElDekheilaEgypt
ElDekheilaEgypt,Iskenderun
Iskenderun,Mersin
Mersin,Haifa
Haifa,Mersin
Haifa,Piraeus
Piraeus,CasablancaMorocco
CasablancaMorocco,Rotterdam
Rotterdam,Valencia
Valencia,Beirut
Beirut,AlexandriaEgypt
Iskenderun,NaplesIT
LaSpezia,Antwerp
Hamburg,MaltaMarsaxlokk
MaltaMarsaxlokk,AlexandriaEgypt
AlexandriaEgypt,Beirut
Beirut,Mersin
Mersin,Algeciras
Algeciras,Felixstowe
Antwerp,Cagliari
Cagliari,Piraeus
AmbarliIstanbul,GebzeIstanbul
GebzeIstanbul,Izmir
Izmir,Salerno
Salerno,Felixstowe
LeHavre,Bremerhaven
Bremerhaven,Hamburg
Antwerp,Sines
Sines,Piraeus
GemlikIstanbul,Tekirdag
Tekirdag,Aliaga
Aliaga,Sines
Sines,LeHavre
Antwerp,GioiaTauro
GioiaTauro,Piraeus
Piraeus,Thessaloniki
Thessaloniki,Izmir
Izmir,Piraeus
Piraeus,Sines
Sines,LondonGateway
Antwerp,MaltaMarsaxlokk
MaltaMarsaxlokk,Piraeus
Piraeus,GebzeIstanbul
GebzeIstanbul,AmbarliIstanbul
Izmir,MaltaMarsaxlokk
TangerMorocco,Felixstowe
LeHavre,Limassol
Haifa,Ashdod
Ashdod,Valencia
Valencia,Felixstowe
GemlikIstanbul,Salerno
Salerno,Valencia
Valencia,SouthamptonUK
SouthamptonUK,EsbjergDenmark
EsbjergDenmark,WallhamnSweden
WallhamnSweden,Antwerp
SouthamptonUK,Valencia
Valencia,Salerno
Salerno,Piraeus
Piraeus,Izmir
Izmir,Ashdod
AlexandriaEgypt,GemlikIstanbul
Salerno,GenoaIT
LaSpezia,Algeciras
Algeciras,CasablancaMorocco
CasablancaMorocco,Leixoes
Leixoes,Setubal
Setubal,MarseillesFosMars
LaSpezia,Salerno
Piraeus,Mersin
Mersin,Lattakia
Lattakia,Beirut
AlexandriaEgypt,Salerno
PortsmouthUK,Rotterdam
TangerMorocco,CasablancaMorocco
CasablancaMorocco,AgadirMorocco
AgadirMorocco,PortsmouthUK
LeHavre,Bilbao
Bilbao,Gijon
Gijon,Vigo
Vigo,Sines
Sines,CasablancaMorocco
Leixoes,Gijon
Gijon,Bilbao
Bilbao,Antwerp
LeHavre,Sines
Sines,RiodeJaneiro
Santos,NavegantesnearItajai
NavegantesnearItajai,BuenosAires
BuenosAires,Montevideo
Montevideo,RioGrandeBR
NavegantesnearItajai,Santos
RiodeJaneiro,Salvador
Salvador,TangerMorocco
Rotterdam,Tilbury
Tilbury,Rotterdam
Tilbury,TenerifeCanIs
LasPalmasCanIs,CasablancaMorocco
CasablancaMorocco,Huelva
Huelva,Setubal
Setubal,Tilbury
FigueiradaFoz,Leixoes
CasablancaMorocco,FigueiradaFoz
Antwerp,GebzeIstanbul
GemlikIstanbul,Felixstowe
MaltaMarsaxlokk,GenoaIT
TangerMorocco,Salvador
Salvador,Santos
Santos,PortoItapoa
PortoItapoa,Paranagua
Paranagua,BuenosAires
RioGrandeBR,Itajai
Itajai,PortoItapoa
PortoItapoa,Santos
RiodeJaneiro,TangerMorocco
TangerMorocco,Malaga
Malaga,MaltaMarsaxlokk
Barcelona,GenoaIT
Leghorn,GioiaTauro
GioiaTauro,MaltaMarsaxlokk
Valencia,Suape
Suape,Salvador
Salvador,RiodeJaneiro
Paranagua,PortoItapoa
PortoItapoa,Montevideo
Montevideo,NavegantesnearItajai
RiodeJaneiro,Valencia
LeHavre,Antwerp
Bremerhaven,CharlestonSC
CharlestonSC,VeracruzMEX
AltamiraMEX,NewOrleansLA
NewOrleansLA,MobileAL
FreeportBahamas,LeHavre
Santander,Vigo
Vigo,BaltimoreMD
BaltimoreMD,GalvestonTX
VeracruzMEX,ManzanilloPanama
CartagenaColombia,SantaMarta
ManzanilloMEX,PuertoCaldera
PuertoCaldera,Corinto
Corinto,LazaroCardenasMEX
OaklandCA,LazaroCardenasMEX
LazaroCardenasMEX,Corinto
Corinto,Balboa
Balboa,Corinto
Corinto,Acajutla
Acajutla,LazaroCardenasMEX
LazaroCardenasMEX,LongBeach
Salalah,Djibouti
Jeddah,KingAbdullahCity
KingAbdullahCity,Jeddah
Jeddah,PortSudan
PortSudan,Djibouti
Reunion,PortLouis
PortLouis,TamataveToamasinaMalagasay
TamataveToamasinaMalagasay,VictoriaMaheSeychellesIs
VictoriaMaheSeychellesIs,Salalah
Salalah,Reunion
Jeddah,Berbera
Berbera,Massawa
Massawa,Jeddah
KingAbdullahCity,Berbera
Berbera,PortSudan
PortSudan,KingAbdullahCity
PortSudan,Jeddah
Colombo,Durban
Durban,PointeNoire
PointeNoire,Apapa
Cotonou,Tema
Tema,PortElizabethZA
Durban,DubaiJebelAli
Mombasa,Mogadishu
Mogadishu,LongoniComorosIs
LongoniComorosIs,Beira
Beira,Nacala
Nacala,Maputo
Maputo,VictoriaMaheSeychellesIs
VictoriaMaheSeychellesIs,DubaiJebelAli
Durban,PointedesGalets
PortLouis,DubaiJebelAli
HoustonTX,Takoradi
Takoradi,PortHarcourt
PortHarcourt,Malabo
Malabo,Luba
Luba,Douala
Douala,Soyo
Soyo,PortGentil
PortGentil,HoustonTX
GalvestonTX,JacksonvilleFL
SavannahGA,BaltimoreMD
BaltimoreMD,NewYorkNYNJ
NewYorkNYNJ,Dakar
Dakar,Cotonou
LagosTinCanIsland,Lome
Tema,GalvestonTX
JacksonvilleFL,PhiladelphiaPA
BaltimoreMD,BostonMA
NewYorkNYNJ,Cotonou
Lome,LagosTinCanIsland
HoustonTX,Durban
Durban,RichardsBay
RichardsBay,Durban
Durban,NewOrleansLA
SouthamptonUK,LeHavre
Antwerp,SavannahGA
SavannahGA,CartagenaColombia
CartagenaColombia,Balboa
Balboa,LosAngelesCA
LongBeach,Balboa
Balboa,CartagenaColombia
CaucedoDomRep,SavannahGA
SavannahGA,SouthamptonUK
PortEvergladesFL,NassauBahamas
NassauBahamas,KingstonJM
KingstonJM,PortauPrince
PortauPrince,SantoDomingo
SantoDomingo,CartagenaColombia
ManzanilloPanama,SantoTomasdeCastilla
SantoTomasdeCastilla,PortEvergladesFL
JacksonvilleFL,NassauBahamas
NassauBahamas,FreeportBahamas
FreeportBahamas,NassauBahamas
FreeportBahamas,JacksonvilleFL
Rotterdam,BostonMA
BostonMA,PhiladelphiaPA
PhiladelphiaPA,NewYorkNYNJ
NewYorkNYNJ,FreeportBahamas
FreeportBahamas,Guayaquil
Guayaquil,PuertoBolivarEC
PuertoBolivarEC,Guayaquil
Guayaquil,Paita
Paita,Antwerp
BaltimoreMD,CharlestonSC
SavannahGA,PortEvergladesFL
PortEvergladesFL,CaucedoDomRep
CaucedoDomRep,Santos
Santos,BuenosAires
Salvador,Suape
Suape,CristobalPanama
CristobalPanama,FreeportBahamas
FreeportBahamas,NewYorkNYNJ
KingstonJM,MiamiFL
MiamiFL,KingstonJM
KingstonJM,PointLisasTrinidad
PointLisasTrinidad,StGeorgesGrenada
StGeorgesGrenada,FortdeFranceMartinique
FortdeFranceMartinique,BridgetownBarbados
BridgetownBarbados,CastriesStLucia
CastriesStLucia,KingstownStVincent
KingstownStVincent,KingstonJM
FernandinaBeachFL,HamiltonBermuda
HamiltonBermuda,FernandinaBeachFL
Zeebrugge,LondonGateway
Rotterdam,DunkirkFR
DunkirkFR,LondonGateway
CartagenaColombia,PapeeteTahiti
PapeeteTahiti,NoumeaNewCaledonia
NoumeaNewCaledonia,BrisbaneAU
MelbourneAU,NelsonNZ
Tauranga,ManzanilloPanama
SavannahGA,PhiladelphiaPA
PhiladelphiaPA,Zeebrugge
Zeebrugge,Rotterdam
LondonGateway,DunkirkFR
CharlestonSC,PortEvergladesFL
PortEvergladesFL,CartagenaColombia
ManzanilloPanama,PortEvergladesFL
PortEvergladesFL,NewYorkNYNJ
PortEvergladesFL,RioHaina
RioHaina,CartagenaColombia
CartagenaColombia,Barranquilla
Barranquilla,PortEvergladesFL
PortEvergladesFL,SanAndresIsland
SanAndresIsland,SantoTomasdeCastilla
BaltimoreMD,JacksonvilleFL
CartagenaColombia,Turbo
MoinBay,PhiladelphiaPA
MiamiFL,RioHaina
RioHaina,PortauPrince
PortauPrince,MiamiFL
MiamiFL,PuertoPlata
PuertoPlata,CapHaitien
CapHaitien,MiamiFL
PortauPrince,PortEvergladesFL
NewarkNJ,BrunswickGA
CharlestonSC,SantoDomingo
SantoDomingo,Shanghai
RioHaina,CaucedoDomRep
CaucedoDomRep,RioHaina
CaucedoDomRep,CristobalPanama
FreeportBahamas,PortEvergladesFL
NewarkNJ,BaltimoreMD
JacksonvilleFL,SantoDomingo
SantoDomingo,ManzanilloPanama
PuertoLimon,PuertoCortes
PuertoCortes,SantoTomasdeCastilla
SantoTomasdeCastilla,AltamiraMEX
AltamiraMEX,PortEvergladesFL
PortEvergladesFL,JacksonvilleFL
NewYorkNYNJ,PuertoPlata
PuertoPlata,RioHaina
RioHaina,KingstonJM
KingstonJM,PuertoLimon
ManzanilloPanama,RioHaina
RioHaina,PhiladelphiaPA
JacksonvilleFL,SanJuanPR
SanJuanPR,PuertoPlata
PuertoPlata,JacksonvilleFL
PortEvergladesFL,PortauPrince
PortauPrince,CapHaitien
CapHaitien,PortEvergladesFL
PanamaCityFL,HoustonTX
HoustonTX,KingstonJM
KingstonJM,Guayaquil
Callao,AricaCL
AricaCL,Matarani
Matarani,Mejillones
Callao,KingstonJM
KingstonJM,PanamaCityFL
HoustonTX,SanJuanPR
SanJuanPR,HoustonTX
SavannahGA,PuertoCortes
SantoTomasdeCastilla,BelizeCityBelize
BelizeCityBelize,PhiladelphiaPA
JacksonvilleFL,PortEvergladesFL
PortEvergladesFL,PuertoLimon
PuertoLimon,PortEvergladesFL
PortEvergladesFL,RiodeJaneiro
Zarate,SanAntonioCL
SanAntonioCL,Iquique
Iquique,Callao
Callao,Balboa
Balboa,PuertoQuetzal
HoustonTX,ProgresoMEX
ProgresoMEX,HoustonTX
PanamaCityFL,ProgresoMEX
ProgresoMEX,PanamaCityFL
NewOrleansLA,LeHavre
VeracruzMEX,TuxpanMEX
TuxpanMEX,TampicoMEX
TampicoMEX,PortManateeFL
PortManateeFL,VeracruzMEX
VeracruzMEX,TampicoMEX
TampicoMEX,TuxpanMEX
VancouverBC,LongBeach
LongBeach,Auckland
Auckland,SydneyAU
SydneyAU,Tauranga
Tauranga,PapeeteTahiti
PapeeteTahiti,OaklandCA
OaklandCA,PapeeteTahiti
PapeeteTahiti,ApiaWSamoa
PagoPagoAmSamoa,LongBeach
SeattleWA,Honolulu
Honolulu,SeattleWA
SeattleWA,OaklandCA
OaklandCA,Honolulu
LongBeach,Honolulu
Honolulu,LongBeach
Guayaquil,PuertoCaldera
PuertoCaldera,PuertoQuetzal
PuertoQuetzal,SanDiegoCA
SanDiegoCA,Guayaquil
StPetersburgRussia,Antwerp
Sines,Lome
Cotonou,LasPalmasCanIs
LasPalmasCanIs,StPetersburgRussia
Antwerp,Dakar
Antwerp,Cotonou
LagosTinCanIsland,PointeNoire
Douala,Libreville
LeHavre,Dakar
MonroviaLR,Lome
Lome,Douala
Libreville,Takoradi
Takoradi,Banjul
Banjul,Antwerp
WallhamnSweden,Bremerhaven
SouthamptonUK,Djibouti
Djibouti,HuangpuGuangzhou
HuangpuGuangzhou,Keelung
Pyongtaek,Masan
LeHavre,LagosTinCanIsland
Abidjan,SanPedroIvoryCoast
SanPedroIvoryCoast,LasPalmasCanIs
LasPalmasCanIs,Antwerp
AberdeenUK,Antwerp
Antwerp,LasPalmasCanIs
LasPalmasCanIs,Takoradi
PortHarcourt,AberdeenUK
Antwerp,Immingham
Immingham,Tilbury
Tilbury,Bremerhaven
Bremerhaven,DaresSalaam
Mombasa,TamataveToamasinaMalagasay
CapeTown,Vigo
Vigo,Rotterdam
Antwerp,Leixoes
Leixoes,WalvisBay
WalvisBay,PortElizabethZA
CapeTown,Durban
Hamburg,Vitoria
Vitoria,RiodeJaneiro
Zarate,Montevideo
Montevideo,Santos
RiodeJaneiro,Vitoria
Vitoria,Dakar
Dakar,Antwerp
Sines,LasPalmasCanIs
LasPalmasCanIs,CapeTown
CapeTown,NgquraCoega
NgquraCoega,Durban
NgquraCoega,CapeTown
CapeTown,LasPalmasCanIs
LasPalmasCanIs,LondonGateway
SouthamptonUK,PortElizabethZA
PortElizabethZA,EastLondon
EastLondon,Durban
LeHavre,CaucedoDomRep
CaucedoDomRep,CartagenaColombia
Callao,Mejillones
Mejillones,SanAntonioCL
SanAntonioCL,Callao
Callao,Buenaventura
Buenaventura,ManzanilloPanama
CaucedoDomRep,Rotterdam
StPetersburgRussia,Bremerhaven
Antwerp,CartagenaColombia
PuertoBolivarEC,ManzanilloPanama
ManzanilloPanama,SantaMarta
SantaMarta,PortsmouthUK
PortsmouthUK,Hamburg
Hamburg,Bremerhaven
Bremerhaven,StPetersburgRussia
Hamburg,CartagenaColombia
Balboa,Callao
SanAntonioCL,SanVicente
SanVicente,Balboa
SantaMarta,Antwerp
Sines,CaucedoDomRep
CartagenaColombia,CristobalPanama
CristobalPanama,Rodman
Coronel,SanAntonioCL
Callao,Rodman
CristobalPanama,Rotterdam
CaucedoDomRep,KingstonJM
KingstonJM,PuertoBarrios
PuertoBarrios,PuertoCortes
PuertoLimon,KingstonJM
KingstonJM,LondonGateway
Antwerp,Hull
Hull,Gijon
Gijon,GeorgetownGuyana
GeorgetownGuyana,Paramaribo
Paramaribo,PointLisasTrinidad
PointLisasTrinidad,Matanzas
Matanzas,GeorgetownGuyana
Paramaribo,Rotterdam
Bilbao,Rotterdam
Rotterdam,WillemstadCW
WillemstadCW,Barcadera
Barcadera,Mariel
Mariel,Moa
Moa,HalifaxNovaScotia
HalifaxNovaScotia,Bilbao
LondonGateway,Flushing
Flushing,Rotterdam
WillemstadCW,Oranjestad
Oranjestad,WillemstadCW
WillemstadCW,CartagenaColombia
SantaMarta,PuertoLimon
PuertoLimon,LondonGateway
SouthamptonUK,BristolUK
BristolUK,ManzanilloPanama
ManzanilloPanama,PortHuenemeCA
PortHuenemeCA,TacomaWA
Hamburg,MumbaiNhavaSheva
BremenGermany,Antwerp
Antwerp,Bilbao
Bilbao,VeracruzMEX
NewOrleansLA,Rotterdam
Rotterdam,BremenGermany
LeHavre,TuxpanMEX
TuxpanMEX,VeracruzMEX
NewOrleansLA,LondonGateway
LeHavre,Aqaba
Jeddah,Djibouti
Djibouti,Sohar
HongKong,Taichung
NewYorkNYNJ,HalifaxNovaScotia
HalifaxNovaScotia,LiverpoolUK
LiverpoolUK,Hamburg
LiverpoolUK,HalifaxNovaScotia
HalifaxNovaScotia,NewarkNJ
Antwerp,SorelQuebec
SorelQuebec,HamiltonOntario
HamiltonOntario,ClevelandOH
ClevelandOH,BurnsHarborIN
LeHavre,LiverpoolUK
MontrealQuebec,Antwerp
Antwerp,ValleyfieldQuebec
ValleyfieldQuebec,PortColborneOntario
PortColborneOntario,ClevelandOH
ClevelandOH,PortColborneOntario
PortColborneOntario,ValleyfieldQuebec
ValleyfieldQuebec,Antwerp
LondonGateway,NorfolkVA
NorfolkVA,PhiladelphiaPA
HalifaxNovaScotia,Rotterdam
GothenburgSweden,Zeebrugge
SouthamptonUK,HalifaxNovaScotia
NewYorkNYNJ,BrunswickGA
CharlestonSC,Bremerhaven
Bremerhaven,Felixstowe
SavannahGA,NewYorkNYNJ
NewYorkNYNJ,Bremerhaven
Bremerhaven,LiverpoolUK
LiverpoolUK,NewYorkNYNJ
PortEvergladesFL,CharlestonSC
CharlestonSC,Antwerp
Bremerhaven,NorfolkVA
CharlestonSC,HoustonTX
NorfolkVA,Antwerp
CharlestonSC,GalvestonTX
GalvestonTX,CharlestonSC
CharlestonSC,BaltimoreMD
BaltimoreMD,Antwerp
Antwerp,PhiladelphiaPA
PhiladelphiaPA,HoustonTX
HoustonTX,Antwerp
Antwerp,StPetersburgRussia
SavannahGA,PortCanaveralFL
PortCanaveralFL,HoustonTX
HoustonTX,PortArthurTX
PortArthurTX,MobileAL
MobileAL,BremenGermany
BaltimoreMD,BrunswickGA
Hamburg,LondonGateway
LondonGateway,CharlestonSC
PortEvergladesFL,HoustonTX
Hamburg,NewYorkNYNJ
SavannahGA,LeHavre
Bilbao,Vitoria
RiodeJaneiro,BuenosAires
Bilbao,Callao
Mejillones,Valparaiso
Santos,CapeTown
PortElizabethZA,Luanda
PointeNoire,Itajai
CristobalPanama,ManzanilloPanama
ManzanilloPanama,PortofSpainTrinidad
PortofSpainTrinidad,Macapa
Macapa,Manaus
Manaus,Macapa
Macapa,ViladoCondenearBelem
ViladoCondenearBelem,CristobalPanama
PuertoMadryn,BahiaBlanca
BahiaBlanca,PortoItapoa
PortoItapoa,RiodeJaneiro
Santos,RioGrandeBR
RioGrandeBR,SanAntonioCL
Guayaquil,AricaCL
AricaCL,Antofagasta
Antofagasta,AricaCL
Antofagasta,SanAntonioCL
SanVicente,PuertoMadryn
Kolkata,Singapore
Balboa,Buenaventura
Callao,Matarani
Matarani,AricaCL
AricaCL,Iquique
Buenaventura,Balboa
Balboa,Esmeraldas
Esmeraldas,AricaCL
AricaCL,Pisco
Pisco,Callao
TanjungPelepas,Mombasa
DaresSalaam,TanjungPelepas
TanjungPelepas,Ningbo
DaresSalaam,Penang
Penang,Singapore
Valencia,Piraeus
Piraeus,Colombo
TanjungPelepas,PortLouis
Durban,TanjungPelepas
Shanghai,Kobe
Singapore,Algeciras
Algeciras,SouthamptonUK
SouthamptonUK,DunkirkFR
DunkirkFR,SouthamptonUK
DunkirkFR,Hamburg
Rotterdam,SouthamptonUK
LeHavre,DubaiJebelAli
Xiamen,XingangTianjin
Ningbo,ManzanilloMEX
ManzanilloMEX,Buenaventura
SanAntonioCL,HongKong
LazaroCardenasMEX,Callao
Iquique,Antofagasta
Antofagasta,Valparaiso
Valparaiso,Coronel
Coronel,Valparaiso
Valparaiso,Keelung
Ningbo,XingangTianjin
Dammam,DubaiJebelAli
Dammam,Hamad
Hamad,Sohar
Singapore,Gwangyang
Singapore,BandarAbbas
BandarAbbas,PortKelang
SeattleWA,Yokohama
Kaohsiung,VancouverBC
SeattleWA,Tokyo
Gwangyang,YantianShenzhen
CaiMepnearHoChiMinh,Haiphong
Haiphong,YantianShenzhen
YantianShenzhen,TacomaWA
VancouverBC,Kaohsiung
Qingdao,Inchon
Inchon,Ningbo
CapeTown,Lome
Lome,Apapa
LagosTinCanIsland,Onne
Onne,Singapore
Singapore,Dalian
Kaohsiung,XingangTianjin
Yokohama,Majuro
Majuro,TarawaKiribati
TarawaKiribati,PortVilaVanuatu
NukualofaTonga,PagoPagoAmSamoa
ApiaWSamoa,SantoVanuatu
SantoVanuatu,Kaohsiung
Shanghai,LosAngelesCA
LosAngelesCA,DutchHarborAK
DutchHarborAK,Yokohama
OaklandCA,Yokohama
Yokohama,NahaOkinawaIs
NahaOkinawaIs,Busan
LianyungangJiangsu,Shanghai
Ningbo,LongBeach
LongBeach,SeattleWA
SeattleWA,LianyungangJiangsu
Shanghai,Gwangyang
LosAngelesCA,TacomaWA
TacomaWA,Busan
Gwangyang,Inchon
Inchon,Shanghai
Honolulu,Guam
Guam,NahaOkinawaIs
NahaOkinawaIs,Ningbo
Busan,LongBeach
LongBeach,Busan
Shanghai,ColonPanama
ColonPanama,NewYorkNYNJ
CharlestonSC,HongKong
PortElizabethZA,PortKelang
PortKelang,Qinzhou
Qinzhou,HongKong
HongKong,LianyungangJiangsu
Yokohama,Guam
Saipan,Busan
CaiMepnearHoChiMinh,Kaohsiung
HongKong,LaemChabangThailand
Fremantle,Busan
HongKong,SydneyAU
BrisbaneAU,Xiamen
YantianShenzhen,SydneyAU
BrisbaneAU,Ningbo
LaemChabangThailand,TanjungPelepas
Ningbo,BrisbaneAU
Fremantle,TanjungPelepas
Kobe,Busan
HongKong,BrisbaneAU
Tauranga,Tokyo
HongKong,Tauranga
Tauranga,Valparaiso
Valparaiso,Mejillones
Balboa,Yokohama
TanjungPelepas,PointedesGalets
PointedesGalets,Maputo
Nacala,PortLouis
PortLouis,Singapore
Tauranga,Napier
Napier,Lyttelton
Lyttelton,PortChalmers
PortChalmers,TanjungPelepas
LaemChabangThailand,BrisbaneAU
Fremantle,LaemChabangThailand
LaemChabangThailand,Fremantle
MelbourneAU,LaemChabangThailand
PortoItapoa,Itajai
Itajai,BuenosAires
Montevideo,Itajai
ManzanilloMEX,Balboa
KingstonJM,CaucedoDomRep
CaucedoDomRep,Singapore
HoustonTX,CristobalPanama
CristobalPanama,CartagenaColombia
CartagenaColombia,Suape
Suape,Santos
NavegantesnearItajai,PortoItapoa
Salvador,CartagenaColombia
CristobalPanama,VeracruzMEX
Busan,KingstonJM
KingstonJM,SavannahGA
CharlestonSC,JacksonvilleFL
JacksonvilleFL,WilmingtonNC
WilmingtonNC,KingstonJM
KingstonJM,Slavyanka
Slavyanka,Busan
NewOrleansLA,CartagenaColombia
Shanghai,ManzanilloMEX
LazaroCardenasMEX,PuertoQuetzal
PuertoQuetzal,Callao
Guayaquil,ManzanilloMEX
ManzanilloMEX,Busan
Mundra,Jeddah
Jeddah,MaltaMarsaxlokk
MaltaMarsaxlokk,LaSpezia
GenoaIT,Valencia
MaltaMarsaxlokk,DamiettaEgypt
DamiettaEgypt,Aqaba
Jeddah,Hamad
Wilhelmshaven,Rotterdam
Rotterdam,Jeddah
DubaiJebelAli,MumbaiNhavaSheva
Mundra,Salalah
Jeddah,TangerMorocco
TangerMorocco,Jeddah
Mundra,DubaiJebelAli
DaresSalaam,MumbaiNhavaSheva
Ningbo,Fuzhou
Fuzhou,Kaohsiung
Kaohsiung,Nansha
TanjungPelepas,Lome
Tema,Cotonou
Cotonou,WalvisBay
WalvisBay,TanjungPelepas
Vishakhapatnam,Kattupalli
Cochin,DubaiJebelAli
DubaiJebelAli,Cochin
Cochin,Colombo
Colombo,ChennaiMadras
KhorFakkan,Djibouti
Jeddah,Mundra
LazaroCardenasMEX,Balboa
Balboa,ManzanilloMEX
ManzanilloMEX,VostochniyRussia
VostochniyRussia,Ningbo
Gwangyang,Yokohama
Yokohama,ManzanilloMEX
Antofagasta,SanVicente
SanVicente,SanAntonioCL
SanAntonioCL,Tauranga
Tauranga,Kaohsiung
GenoaIT,ArrecifeCanIs
ArrecifeCanIs,LasPalmasCanIs
TenerifeCanIs,Alicante
GenoaIT,LasPalmasCanIs
TangerMorocco,Lome
Cotonou,Bata
Malabo,Kribi
Douala,Valencia
Bilbao,Vigo
CasablancaMorocco,LasPalmasCanIs
TenerifeCanIs,Sines
Sines,Vigo
Vigo,Gijon
Bilbao,CasablancaMorocco
Kaohsiung,ColonPanama
NewYorkNYNJ,Xiamen
Seville,LasPalmasCanIs
ArrecifeCanIs,Seville
TenerifeCanIs,Seville
Seville,TenerifeCanIs
LasPalmasCanIs,Seville
Busan,ManzanilloPanama
ManzanilloPanama,NewYorkNYNJ
NewYorkNYNJ,BostonMA
BostonMA,WilmingtonNC
WilmingtonNC,SavannahGA
CharlestonSC,ManzanilloPanama
ManzanilloPanama,Busan
Barcelona,Sagunto
Sagunto,TenerifeCanIs
ArrecifeCanIs,Sagunto
Sagunto,Barcelona
Shanghai,ManzanilloPanama
Singapore,WalvisBay
WalvisBay,Lome
Abidjan,Colombo
Mundra,DamiettaEgypt
DamiettaEgypt,NewYorkNYNJ
CharlestonSC,PortSaidEgypt
Jeddah,PortQasim
Malaga,Aqaba
Aqaba,PortSaidEgypt
Mersin,Ashdod
Haifa,Aliaga
Aliaga,Piraeus
Piraeus,Leghorn
Leghorn,Barcelona
Valencia,HalifaxNovaScotia
NorfolkVA,Valencia
Tarragona,Mersin
NaplesIT,Leghorn
Sines,NewYorkNYNJ
CharlestonSC,Algeciras
LiverpoolUK,DublinEire
DublinEire,Leixoes
Leixoes,Castellon
Castellon,Salerno
Piraeus,Limassol
Mersin,Salerno
Salerno,Castellon
Castellon,Leixoes
Leixoes,LiverpoolUK
Shanghai,Chittagong
Singapore,Ningbo
Algeciras,LisbonPT
Leixoes,Vigo
Barcelona,Almeria
Vigo,Leixoes
LeHavre,Algeciras
Algeciras,Santos
Paranagua,Montevideo
BuenosAires,PortoItapoa
Santos,Algeciras
CorkEire,Tilbury
Bremerhaven,AltamiraMEX
VeracruzMEX,BigCreekBelize
BigCreekBelize,ManzanilloPanama
MoinBay,CorkEire
LosAngelesCA,MazatlanMEX
MazatlanMEX,ManzanilloMEX
PuertoQuetzal,Acajutla
Acajutla,PuertoQuetzal
Acajutla,Corinto
Corinto,PuertoCaldera
ManzanilloMEX,LosAngelesCA
ManzanilloMEX,Acajutla
Acajutla,SanLorenzo
SanLorenzo,PuertoQuetzal
PuertoQuetzal,LazaroCardenasMEX
LosAngelesCA,PortHuenemeCA
PortHuenemeCA,LazaroCardenasMEX
Acajutla,Balboa
Balboa,Paita
Paita,Balboa
Balboa,PuertoCaldera
LazaroCardenasMEX,LosAngelesCA
TanjungPelepas,Chittagong
Chittagong,TanjungPelepas
Singapore,HoChiMinhVICTCatLai
HoChiMinhVICTCatLai,HongKong
Kaohsiung,TanjungPelepas
TanjungPelepas,KuchingSarawak
KuchingSarawak,MuaraPortBrunei
MuaraPortBrunei,Ningbo
PortKelang,Mundra
PortQasim,Singapore
Ningbo,Fuqing
Fuqing,ShekouShenzhenChiwan
Colombo,Karachi
Mundra,PortKelang
HalifaxNovaScotia,PalmBeachFL
PalmBeachFL,SanJuanPR
SanJuanPR,StJohnVI
StJohnVI,StThomasVI
StThomasVI,VirginGorda
VirginGorda,RoadTownTortola
RoadTownTortola,StMaartenPhilipsburg
StMaartenPhilipsburg,CaucedoDomRep
CaucedoDomRep,HalifaxNovaScotia
KingstonJM,SanJuanPR
SanJuanPR,SaintJohnNewBrunswick
SaintJohnNewBrunswick,NewYorkNYNJ
SavannahGA,KingstonJM
RioHaina,StMaartenPhilipsburg
StMaartenPhilipsburg,PointeaPitreGuadeloupe
PointeaPitreGuadeloupe,PortofSpainTrinidad
PortofSpainTrinidad,WillemstadCW
Barranquilla,SantaMarta
SantaMarta,KingstonJM
KingstonJM,NewYorkNYNJ
HalifaxNovaScotia,KingstonJM
PortEvergladesFL,StMaartenPhilipsburg
StMaartenPhilipsburg,AnguillaAI
AnguillaAI,BasseterreStKitts
BasseterreStKitts,BridgetownBarbados
BridgetownBarbados,PortofSpainTrinidad
PortofSpainTrinidad,KingstownStVincent
KingstownStVincent,GeorgetownGrandCayman
GeorgetownGrandCayman,Paramaribo
Paramaribo,PortEvergladesFL
PalmBeachFL,StCroixVI
StCroixVI,AnguillaAI
AnguillaAI,BridgetownBarbados
BridgetownBarbados,StBarthelemy
StBarthelemy,CastriesStLucia
CastriesStLucia,VieuxFortStLucia
VieuxFortStLucia,KingstownStVincent
KingstownStVincent,PointLisasTrinidad
PointLisasTrinidad,GeorgetownGuyana
GeorgetownGuyana,StGeorgesGrenada
StGeorgesGrenada,PalmBeachFL
MiamiFL,StJohnsAntigua
StJohnsAntigua,StMaartenPhilipsburg
StMaartenPhilipsburg,CastriesStLucia
CastriesStLucia,PointLisasTrinidad
PointLisasTrinidad,BridgetownBarbados
BridgetownBarbados,PointLisasTrinidad
PointLisasTrinidad,KingstonJM
PalmBeachFL,StJohnVI
StMaartenPhilipsburg,StJohnsAntigua
StJohnsAntigua,BasseterreStKitts
BasseterreStKitts,CharlestownNevis
CharlestownNevis,CaucedoDomRep
CaucedoDomRep,PalmBeachFL
PortEvergladesFL,Barcadera
Barcadera,WillemstadCW
WillemstadCW,BonaireKralendijk
BonaireKralendijk,LaGuaira
LaGuaira,PuertoCabello
PuertoCabello,PortEvergladesFL
PalmBeachFL,FreeportBahamas
FreeportBahamas,PalmBeachFL
PalmBeachFL,NassauBahamas
NassauBahamas,PalmBeachFL
PalmBeachFL,MarshHarbourGtAbaco
MarshHarbourGtAbaco,Providenciales
Providenciales,PalmBeachFL
RioHaina,Barranquilla
Barranquilla,CartagenaColombia
StMaartenPhilipsburg,BasseterreStKitts
BasseterreStKitts,CastriesStLucia
CastriesStLucia,RoseauDominica
RoseauDominica,BridgetownBarbados
KingstownStVincent,StGeorgesGrenada
StGeorgesGrenada,RioHaina
RioHaina,PortEvergladesFL
NewYorkNYNJ,HamiltonBermuda
HamiltonBermuda,NewYorkNYNJ
PortEvergladesFL,GeorgetownGrandCayman
GeorgetownGrandCayman,BelizeCityBelize
BelizeCityBelize,Roatan
Roatan,PortEvergladesFL
PortEvergladesFL,BelizeCityBelize
BelizeCityBelize,PuertoMorelosMEX
PuertoMorelosMEX,PortEvergladesFL
GeorgetownGrandCayman,PortEvergladesFL
SantaMarta,MoinBay
MoinBay,WilmingtonDE
WilmingtonDE,SantaMarta
HoustonTX,SantaMarta
SantaMarta,Barranquilla
CartagenaColombia,Guaranao
Guaranao,Maracaibo
PhiladelphiaPA,CharlestonSC
CharlestonSC,CartagenaColombia
Balboa,Tauranga
Tauranga,SydneyAU
MelbourneAU,Timaru
Timaru,PortChalmers
PortChalmers,Timaru
PortChalmers,Napier
Napier,Auckland
ManzanilloPanama,CristobalPanama
CartagenaColombia,PhiladelphiaPA
MiamiFL,PortLafito
PortLafito,Barranquilla
Barranquilla,KingstonJM
CartagenaColombia,PuertoBolivarColombia
PuertoBolivarColombia,SantaMarta
SantaMarta,PuertoBolivarColombia
PuertoBolivarColombia,RioHaina
PortLafito,PuertoPlata
PuertoPlata,MiamiFL
NewOrleansLA,PuertoCortes
SantoTomasdeCastilla,CartagenaColombia
SantoTomasdeCastilla,HoustonTX
PuertoCortes,PuertoBarrios
PuertoBarrios,CartagenaColombia
CristobalPanama,PuertoCortes
PuertoBarrios,HoustonTX
TanjungPelepas,WalvisBay
WalvisBay,Apapa
Onne,PointeNoire
PointeNoire,TanjungPelepas
TanjungPelepas,Xiamen
RioHaina,MiamiFL
Busan,Ulsan
Ulsan,Shanghai
Kattupalli,Krishnapatnum
Krishnapatnum,PortKelang
Singapore,CaiLan
CaiLan,Busan
RioHaina,PuertoPlata
KingstonJM,TampaFL
TampaFL,MobileAL
HoustonTX,CaucedoDomRep
PortEvergladesFL,StThomasVI
StThomasVI,StCroixVI
StCroixVI,PointLisasTrinidad
PointLisasTrinidad,StCroixVI
StCroixVI,KingstownStVincent
StGeorgesGrenada,PortEvergladesFL
HoustonTX,PointLisasTrinidad
PointLisasTrinidad,Guanta
Guanta,GeorgetownGuyana
MiamiFL,PortauPrince
SanJuanPR,JacksonvilleFL
PalmBeachFL,Providenciales
Providenciales,SouthCaicosCockburnHarbour
SouthCaicosCockburnHarbour,GrandTurk
GrandTurk,PalmBeachFL
MoinBay,PuertoCastilla
PuertoCastilla,PortEvergladesFL
PortEvergladesFL,WilmingtonDE
WilmingtonDE,MoinBay
PortHuenemeCA,PuertoBolivarEC
PuertoBolivarEC,PuertoCaldera
PuertoQuetzal,PortHuenemeCA
Vishakhapatnam,PortKelang
Singapore,ManilaNorthHarbor
ManilaNorthHarbor,Busan
MiamiFL,PuertoLimon
ManzanilloPanama,Guayaquil
Guayaquil,ManzanilloPanama
ManzanilloPanama,MiamiFL
GulfportMS,SantoTomasdeCastilla
PuertoCortes,GulfportMS
PortEvergladesFL,SantoTomasdeCastilla
PuertoCortes,PortEvergladesFL
WilmingtonNC,JacksonvilleFL
PortEvergladesFL,WilmingtonNC
PuertoBarrios,FreeportTX
FreeportTX,PuertoCortes
Pipavav,Singapore
PuertoCortes,PuertoCastilla
PuertoCastilla,GulfportMS
GulfportMS,PuertoBarrios
WilmingtonDE,PuertoBarrios
PuertoCortes,WilmingtonDE
MiamiFL,PuertoCortes
SantoTomasdeCastilla,MiamiFL
PhiladelphiaPA,WilmingtonNC
PuertoCortes,ManzanilloPanama
ManzanilloPanama,ColonPanama
ColonPanama,PuertoCortes
WilmingtonNC,NorfolkVA
PhiladelphiaPA,SavannahGA
Busan,Donghae
Donghae,Shanghai
TanjungPelepas,ChennaiMadras
ChennaiMadras,Krishnapatnum
Krishnapatnum,Vishakhapatnam
Vishakhapatnam,TanjungPelepas
TanjungPelepas,XingangTianjin
OaklandCA,LosAngelesCA
LosAngelesCA,Honolulu
Honolulu,OaklandCA
SanDiegoCA,Honolulu
Honolulu,Kahului
Kahului,HiloHI
HiloHI,SanDiegoCA
Honolulu,LosAngelesCA
HoustonTX,RiodeJaneiro
BuenosAires,Zarate
PhiladelphiaPA,NorfolkVA
PortEvergladesFL,Santos
RioGrandeBR,PortoItapoa
Salvador,PecemnearFortaleza
PecemnearFortaleza,NewYorkNYNJ
HoustonTX,Vitoria
RiodeJaneiro,Zarate
HoustonTX,Guayaquil
AricaCL,Mejillones
Mejillones,Matarani
PortEvergladesFL,Guayaquil
Guayaquil,PortEvergladesFL
Singapore,Karachi
Antwerp,Rouen
Rouen,Abidjan
Abidjan,Libreville
Libreville,Douala
Douala,PortGentil
PortGentil,LaRochelle
LaRochelle,Antwerp
LisbonPT,SaoTome
SaoTome,Luanda
Luanda,Lobito
Lobito,Namibe
Namibe,Leixoes
Bilbao,Vilagarcia
Vilagarcia,Leixoes
Leixoes,TenerifeCanIs
LasPalmasCanIs,PuertodelRosarioCanIs
PuertodelRosarioCanIs,ArrecifeCanIs
ArrecifeCanIs,Vilagarcia
Vilagarcia,Bilbao
Turbo,MoinBay
MoinBay,SanJuanPR
Antwerp,SanJuanPR
SanJuanPR,Turbo
MumbaiNhavaSheva,PortKelang
DunkirkFR,Antwerp
Montoir,PointeaPitreGuadeloupe
PointeaPitreGuadeloupe,DunkirkFR
PuertoBolivarColombia,Guayaquil
Paita,DoverUK
DoverUK,Hamburg
Hamburg,Flushing
Flushing,PuertoBolivarColombia
Flushing,Paramaribo
Paramaribo,GeorgetownGuyana
GeorgetownGuyana,PuertoBolivarEC
Flushing,DoverUK
DoverUK,BridgetownBarbados
BridgetownBarbados,StGeorgesGrenada
StGeorgesGrenada,CastriesStLucia
KingstownStVincent,RoseauDominica
RoseauDominica,BasseterreStKitts
BasseterreStKitts,StJohnsAntigua
StJohnsAntigua,Turbo
Turbo,SantaMarta
SantaMarta,ManzanilloDomRep
ManzanilloDomRep,Flushing
Hamburg,MontrealQuebec
MontrealQuebec,SouthamptonUK
Antwerp,MontrealQuebec
MontrealQuebec,HalifaxNovaScotia
HalifaxNovaScotia,Bremerhaven
